D1,A*02:01~B*40:01~C*03:04~DQB1*03:02~DRB1*04:01~DRB4*01:01+A*02:01~B*57:01~C*06:02~DQB1*03:03~DRB1*07:01~DRB4*01:01,5.835258047849531e-07,0
D1,A*02:01~B*40:01~C*03:04~DQB1*03:01~DRB1*04:01~DRB4*01:01+A*02:01~B*57:01~C*06:02~DQB1*03:03~DRB1*07:01~DRB4*01:01,3.1192883344932405e-07,1
D1,A*02:01~B*40:01~C*03:04~DQB1*03:02~DRB1*04:01~DRB4*01:01+A*02:01~B*57:01~C*06:02~DQB1*02:01~DRB1*07:01~DRB4*01:01,1.5696159795375454e-07,2
D1,A*02:01~B*40:01~C*03:04~DQB1*03:01~DRB1*04:01~DRB4*01:01+A*02:01~B*57:01~C*06:02~DQB1*02:01~DRB1*07:01~DRB4*01:01,8.432837060495855e-08,3
D1,A*02:01~B*57:01~C*06:02~DQB1*03:02~DRB1*04:01~DRB4*01:01+A*02:01~B*40:01~C*03:04~DQB1*02:01~DRB1*07:01~DRB4*01:01,2.0747484152456755e-08,4
D1,A*02:01~B*57:01~C*06:02~DQB1*03:01~DRB1*04:01~DRB4*01:01+A*02:01~B*40:01~C*03:04~DQB1*02:01~DRB1*07:01~DRB4*01:01,5.115452518070398e-09,5
D1,A*02:01~B*57:01~C*06:02~DQB1*03:02~DRB1*04:01~DRB4*01:01+A*02:01~B*40:01~C*03:04~DQB1*03:03~DRB1*07:01~DRB4*01:01,4.665102364408972e-09,6
D1,A*02:01~B*57:01~C*06:02~DQB1*03:01~DRB1*04:01~DRB4*01:01+A*02:01~B*40:01~C*03:04~DQB1*03:03~DRB1*07:01~DRB4*01:01,1.1483028294551265e-09,7
D1,A*02:01~B*57:01~C*06:02~DQB1*03:02~DRB1*04:01~DRB4*01:01+A*02:01~B*40:01~C*12:03~DQB1*02:01~DRB1*07:01~DRB4*01:01,2.2856032103695115e-10,8
D1,A*02:01~B*57:01~C*06:02~DQB1*03:02~DRB1*04:01~DRB4*01:01+A*02:01~B*40:01~C*12:03~DQB1*03:03~DRB1*07:01~DRB4*01:01,1.2972561806803146e-10,9
D1,A*02:01~B*57:01~C*06:02~DQB1*03:01~DRB1*04:01~DRB4*01:01+A*02:01~B*40:01~C*12:03~DQB1*02:01~DRB1*07:01~DRB4*01:01,5.5450260518645774e-11,10
D1,A*02:01~B*57:01~C*06:02~DQB1*03:01~DRB1*04:01~DRB4*01:01+A*02:01~B*40:01~C*12:03~DQB1*03:03~DRB1*07:01~DRB4*01:01,3.147230142650941e-11,11
